Author,Influence_Score_x,Keywords,Post_Score,Influence_Score_y,Positive_Score,Neutral_Score,Negative_Score
soparklion,1385,"[('would', 3), ('trade', 3), ('max', 3), ('get', 2), ('s23', 2), ('ultra', 2), ('phone', 2), ('pro', 2), ('need', 2), ('15', 2), ('fold', 2), ('value', 2), ('sure', 1), ('512gb', 1), ('hope', 1), ('full', 1), ('970', 1), ('works', 1), ('super', 1), ('nice', 1), ('discount', 1), ('could', 1), ('premium', 1), ('released', 1), ('last', 1), ('year', 1), ('iphone', 1), ('probably', 1), ('etc', 1), ('z', 1), ('5', 1), ('iphonr', 1), ('maximum', 1), ('since', 1), ('ever', 1), ('started', 1), ('collection', 1), ('gets', 1), ('newer', 1), ('galaxy', 1), ('series', 1), ('bet', 1), ('800', 1), ('range', 1), ('go', 1), ('ahead', 1), ('reserve', 1), ('binding', 1)]",1,1385,0.5265333333333334,0.0,0
cardsdowngunsdrawn,322,"[('work', 1), ('apps', 1), ('profile', 1), ('want', 1), ('separate', 1), ('use', 1), ('enable', 1), ('think', 1), ('possible', 1), ('separation', 1), ('create', 1), ('personal', 1), ('life', 1), ('app', 1), ('shelter', 1), ('know', 1), ('something', 1), ('built', 1), ('one', 1), ('ui', 1), ('like', 1), ('secure', 1), ('folder', 1), ('disable', 1), ('notifications', 1)]",2,322,0.872,0.0,0
leapingfro9,1297,"[('difference', 11), ('fhd', 8), ('notice', 8), ('phones', 8), ('resolution', 7), ('people', 7), ('phone', 7), ('1080p', 6), ('see', 5), ('tell', 5), ('would', 5), ('s21', 5), ('apple', 5), ('even', 4), ('still', 4), ('looks', 4), ('qhd', 4), ('yes', 4), ('screen', 4), ('could', 4), ('ultra', 4), ('samsung', 4), ('1440p', 4), ('displays', 4), ('got', 3), ('though', 3), ('think', 3), ('better', 3), ('really', 3), ('used', 3), ('plus', 3), ('something', 3), ('like', 3), ('pixel', 3), ('pretty', 3), ('screens', 3), ('much', 3), ('makes', 3), ('ca', 3), ('want', 2), ('iphone', 2), ('full', 2), ('hd', 2), ('noticeable', 2), ('get', 2), ('4k', 2), ('test', 2), ('fanboy', 2), ('3', 2), ('ran', 2), ('experiment', 2), ('s22', 2), ('taped', 2), ('werent', 2), ('identifiable', 2), ('guess', 2), ('many', 2), ('consistently', 2), ('done', 2), ('150', 2), ('college', 2), ('aged', 2), ('range', 2), ('mostly', 2), ('guessed', 2), ('basically', 2), ('400ppi', 2), ('way', 2), ('say', 2), ('anyway', 2), ('bit', 2), ('base', 2), ('specially', 2), ('enough', 2), ('battery', 2), ('display', 2), ('made', 2), ('need', 2), ('s20', 2), ('good', 2), ('going', 2), ('probably', 2), ('actually', 2), ('sharp', 2), ('make', 2), ('fair', 2), ('truly', 2), ('brightness', 2), ('heck', 1), ('us', 1), ('reply', 1), ('14pm', 1), ('finally', 1), ('nope', 1), ('use', 1), ('instead', 1), ('time', 1), ('barely', 1), ('right', 1), ('moved', 1), ('note', 1), ('9', 1), ('fold', 1), ('series', 1), ('took', 1), ('accustomed', 1), ('lower', 1), ('120hz', 1), ('rr', 1), ('tiny', 1), ('smartphone', 1), ('might', 1), ('best', 1), ('litmus', 1), ('pixels', 1), ('extra', 1), ('inch', 1), ('maybe', 1), ('doubt', 1), ('younger', 1), ('brag', 1), ('dad', 1), ('s5', 1), ('show', 1), ('15', 1), ('per', 1), ('sub', 1), ('8', 1), ('high', 1), ('seeing', 1), ('hold', 1), ('away', 1), ('wo', 1), ('okay', 1), ('comparably', 1), ('equal', 1), ('thats', 1), ('problem', 1), ('compare', 1), ('companies', 1), ('try', 1), ('improve', 1), ('ourself', 1), ('however', 1), ('statistically', 1), ('know', 1), ('saves', 1), ('costs', 1), ('fonts', 1), ('small', 1), ('elements', 1), ('becoming', 1), ('unworkable', 1), ('faster', 1), ('aka', 1), ('allows', 1), ('zoom', 1), ('stuff', 1), ('coming', 1), ('s10', 1), ('visibly', 1), ('insufficient', 1), ('one', 1), ('reasons', 1), ('went', 1), ('imho', 1), ('fine', 1), ('s23', 1), ('budget', 1), ('ones', 1), ('midrange', 1), ('needs', 1), ('bigger', 1), ('let', 1), ('admit', 1), ('fact', 1), ('color', 1), ('abberation', 1), ('everyone', 1), ('appreciate', 1), ('lets', 1), ('obviously', 1), ('prices', 1), ('also', 1), ('change', 1), ('pay', 1), ('bad', 1), ('months', 1), ('first', 1), ('thought', 1), ('wrong', 1), ('post', 1), ('found', 1), ('pentile', 1), ('looked', 1), ('understand', 1), ('either', 1), ('dishonest', 1), ('justify', 1), ('purchase', 1), ('schedule', 1), ('appointment', 1), ('oculist', 1), ('uh', 1), ('yeah', 1), ('sorry', 1), ('years', 1), ('come', 1), ('suck', 1), ('losing', 1), ('sucked', 1), ('s25', 1), ('thanks', 1), ('back', 1), ('honestly', 1), ('plenty', 1), ('likely', 1), ('foreseeable', 1), ('future', 1), ('alone', 1), ('tbh', 1), ('big', 1), ('deal', 1), ('sets', 1), ('automatically', 1), ('certain', 1), ('mark', 1), ('iphones', 1), ('mean', 1), ('whatever', 1), ('old', 1), ('visible', 1), ('older', 1), ('blurrier', 1), ('lined', 1), ('compared', 1), ('android', 1), ('playing', 1), ('video', 1), ('youtube', 1), ('720p', 1), ('lol', 1), ('s22u', 1), ('fe', 1), ('using', 1), ('side', 1), ('great', 1), ('im', 1), ('started', 1), ('changed', 1), ('expecting', 1), ('clearer', 1), ('literally', 1), ('another', 1), ('pros', 1), ('clearly', 1), ('2024', 1), ('well', 1), ('honest', 1), ('flagship', 1), ('different', 1), ('level', 1), ('bet', 1), ('dimmed', 1), ('believe', 1), ('considering', 1), ('density', 1), ('monitor', 1), ('hello', 1), ('mistake', 1), ('supposed', 1), ('short', 1), ('never', 1), ('misspelled', 1), ('ai', 1), ('checking', 1), ('everything', 1), ('beep', 1), ('boop', 1), ('bot', 1), ('botcriminate', 1), ('close', 1), ('yep', 1), ('anyone', 1), ('ever', 1), ('mentioned', 1), ('selling', 1), ('point', 1), ('delusional', 1), ('eyes', 1), ('focus', 1), ('individual', 1), ('inches', 1), ('absolutely', 1), ('surely', 1), ('choose', 1), ('quality', 1), ('goes', 1), ('ways', 1), ('copy', 1), ('anything', 1), ('move', 1), ('hit', 1), ('hard', 1), ('lot', 1), ('profit', 1), ('reinvested', 1), ('endless', 1), ('loop', 1), ('feel', 1), ('text', 1), ('sharper', 1), ('splitting', 1), ('hairs', 1), ('source', 1), ('true', 1), ('thing', 1), ('edit', 1), ('oooo', 1), ('voted', 1), ('cuz', 1), ('fan', 1), ('boy', 1), ('triggered', 1), ('lmfao', 1), ('question', 1), ('upgrade', 1), ('nits', 1), ('every', 1), ('single', 1), ('year', 1), ('far', 1)]",0,1297,0.49502000000000007,0.0,-0.41528
just_mdd4,1855,"[('tab', 2), ('confusing', 1), ('many', 1), ('ppl', 1), ('still', 1), ('s10', 1), ('going', 1), ('incredibly', 1), ('isnt', 1), ('said', 1), ('first', 1), ('current', 1), ('gen', 1), ('use', 1), ('s8', 1), ('s9', 1), ('ik', 1), ('run', 1), ('s10s', 1), ('may', 1), ('water', 1), ('think', 1), ('build', 1), ('pen', 1), ('firstly', 1), ('need', 1), ('take', 1), ('charge', 1), ('certain', 1), ('problems', 1), ('getting', 1), ('stuck', 1), ('hardware', 1), ('related', 1), ('issues', 1), ('affect', 1), ('resistance', 1), ('phone', 1), ('since', 1), ('provide', 1), ('another', 1), ('entry', 1), ('way', 1), ('get', 1), ('maybe', 1), ('skip', 1), ('s20', 1), ('like', 1), ('phones', 1), ('lol', 1), ('would', 1), ('call', 1), ('s24', 1), ('good', 1), ('luck', 1), ('searching', 1), ('right', 1), ('case', 1)]",2,1855,0.69155,0.0,-0.33809999999999996
Maj-Thicc,1049,"[('yea', 1), ('pc', 1), ('laptops', 1), ('tend', 1), ('need', 1), ('drivers', 1), ('function', 1), ('normally', 1), ('mate', 1), ('laptop', 1), ('done', 1), ('another', 1), ('worked', 1), ('fine', 1), ('one', 1), ('needed', 1), ('external', 1), ('wireless', 1), ('lan', 1), ('driver', 1), ('download', 1), ('asking', 1), ('see', 1), ('okay', 1), ('np', 1)]",1,1049,0.35645000000000004,0.0,0
Kevin_Eats_Sushi,139,"[('note', 7), ('ultra', 6), ('fe', 5), ('series', 4), ('notes', 4), ('size', 4), ('older', 4), ('year', 3), ('models', 3), ('phone', 3), ('device', 3), ('would', 3), ('s23', 3), ('also', 3), ('phones', 3), ('big', 3), ('like', 3), ('s21', 3), ('outclassed', 2), ('likely', 2), ('exist', 2), ('replaced', 2), ('month', 2), ('upgrade', 2), ('last', 2), ('well', 2), ('current', 2), ('one', 2), ('price', 2), ('old', 2), ('line', 2), ('see', 2), ('get', 2), ('going', 2), ('new', 2), ('good', 2), ('smaller', 2), ('battery', 2), ('got', 2), ('none', 2), ('thats', 2), ('thanks', 2), ('google', 2), ('end', 2), ('outdated', 1), ('soon', 1), ('midrangers', 1), ('s22u', 1), ('subsequent', 1), ('s23u', 1), ('s24u', 1), ('launching', 1), ('around', 1), ('ever', 1), ('released', 1), ('20', 1), ('today', 1), ('instead', 1), ('mentioned', 1), ('10', 1), ('much', 1), ('already', 1), ('could', 1), ('technically', 1), ('go', 1), ('questionable', 1), ('worth', 1), ('imo', 1), ('galaxy', 1), ('devices', 1), ('lineup', 1), ('downgrade', 1), ('advantage', 1), ('transferred', 1), ('love', 1), ('really', 1), ('remaining', 1), ('biggest', 1), ('heaviest', 1), ('besides', 1), ('z', 1), ('fold', 1), ('find', 1), ('clearly', 1), ('software', 1), ('update', 1), ('lol', 1), ('used', 1), ('refurbished', 1), ('longer', 1), ('made', 1), ('never', 1), ('received', 1), ('ago', 1), ('chip', 1), ('ass', 1), ('commenter', 1), ('said', 1), ('replacement', 1), ('s21u', 1), ('difference', 1), ('pen', 1), ('adds', 1), ('features', 1), ('outside', 1), ('nothing', 1), ('special', 1), ('different', 1), ('square', 1), ('design', 1), ('compared', 1), ('generally', 1), ('slightly', 1), ('updated', 1), ('soc', 1), ('newer', 1), ('matters', 1), ('21', 1), ('dead', 1), ('man', 1), ('s233', 1), ('great', 1), ('wish', 1), ('expandible', 1), ('storage', 1), ('question', 1), ('tho', 1), ('change', 1), ('answering', 1), ('aight', 1), ('best', 1), ('terms', 1), ('acting', 1), ('youre', 1), ('smarter', 1), ('guy', 1), ('telling', 1), ('information', 1), ('didnt', 1), ('know', 1), ('arent', 1), ('smart', 1), ('enough', 1), ('use', 1), ('apparantly', 1), ('mean', 1), ('years', 1), ('least', 1), ('similar', 1), ('version', 1), ('note10', 1), ('note20', 1), ('lesser', 1), ('versions', 1), ('actual', 1), ('flagships', 1), ('high', 1), ('4', 1), ('even', 1), ('bought', 1), ('x200b', 1), ('people', 1), ('fans', 1), ('s2x', 1), ('basically', 1), ('dislike', 1), ('bigger', 1), ('ae', 1), ('reason', 1), ('prefer', 1), ('compact', 1), ('worse', 1), ('look', 1), ('getting', 1), ('regular', 1), ('s24', 1), ('releases', 1), ('drop', 1), ('yeah', 1), ('quicker', 1), ('rather', 1), ('make', 1), ('entire', 1), ('post', 1), ('wait', 1), ('answers', 1)]",0,139,0.42257142857142854,0.0,-0.32885
kirsion,1775,"[('know', 2), ('june', 2), ('lowest', 2), ('price', 2), ('country', 1), ('deals', 1), ('announced', 1), ('launch', 1), ('little', 1), ('bit', 1), ('patience', 1), ('varies', 1), ('buds', 1), ('3', 1), ('pro', 1), ('prolly', 1), ('wont', 1), ('coming', 1), ('yet', 1), ('normal', 1), ('might', 1), ('https', 1), ('buy', 1), ('2024', 1), ('ever', 1), ('curious', 1), ('always', 1), ('buying', 1), ('people', 1), ('gone', 1), ('summer', 1), ('vacation', 1)]",0,1775,0.0,0.0,-0.22949999999999998
JObersi10,339,"[('big', 4), ('battery', 3), ('difference', 3), ('think', 2), ('s23', 2), ('good', 2), ('one', 2), ('phones', 2), ('phone', 2), ('say', 2), ('s24', 2), ('releases', 2), ('going', 2), ('wait', 2), ('years', 1), ('quite', 1), ('deal', 1), ('much', 1), ('need', 1), ('recently', 1), ('got', 1), ('well', 1), ('recent', 1), ('slow', 1), ('iterative', 1), ('samsung', 1), ('bump', 1), ('soc', 1), ('efficiency', 1), ('figured', 1), ('excuse', 1), ('upgrade', 1), ('camera', 1), ('assistant', 1), ('pretty', 1), ('get', 1), ('works', 1), ('thoroughly', 1), ('enjoying', 1), ('life', 1), ('enable', 1), ('protection', 1), ('routine', 1), ('limit', 1), ('charging', 1), ('85', 1), ('debatable', 1), ('makes', 1), ('long', 1), ('run', 1), ('vs', 1), ('possible', 1), ('annoyances', 1), ('plan', 1), ('5', 1), ('maybe', 1), ('running', 1), ('next', 1), ('absolutely', 1), ('hamper', 1), ('actually', 1), ('capacity', 1), ('either', 1), ('aw', 1), ('man', 1), ('hate', 1), ('return', 1), ('literally', 1), ('20', 1), ('days', 1), ('ai', 1), ('stuff', 1), ('returning', 1), ('enough', 1), ('point', 1), ('best', 1), ('less', 1), ('capable', 1), ('waiting', 1), ('till', 1), ('idea', 1), ('small', 1), ('people', 1), ('wo', 1), ('mind', 1), ('around', 1), ('currency', 1), ('would', 1), ('shipments', 1), ('new', 1), ('country', 1), ('take', 1), ('3', 1), ('weeks', 1), ('want', 1), ('s9', 1), ('dying', 1), ('outdated', 1), ('chip', 1), ('plus', 1), ('deals', 1), ('making', 1), ('550', 1), ('converted', 1), ('first', 1), ('600', 1), ('seem', 1), ('like', 1), ('amt', 1), ('purchase', 1), ('worth', 1), ('using', 1), ('dji', 1), ('video', 1), ('edits', 1), ('filming', 1), ('advertisements', 1), ('business', 1)]",1,339,0.7110333333333333,0.0,-0.3291
YouCanBetOnItMs,592,"[('sleep', 1), ('pretty', 1), ('cool', 1), ('app', 1), ('android', 1), ('alarm', 1), ('claims', 1), ('listen', 1), ('wake', 1), ('cycles', 1), ('opposed', 1), ('middle', 1), ('one', 1), ('apart', 1), ('geometry', 1), ('dash', 1), ('game', 1), ('thanks', 1), ('thank', 1), ('check', 1)]",3,592,0.7697499999999999,0.0,0
MasterN00b22,39,"[('works', 2), ('use', 2), ('samsung', 2), ('internet', 2), ('also', 2), ('fine', 1), ('mean', 1), ('sync', 1), ('work', 1), ('s23u', 1), ('oneplus', 1), ('open', 1), ('xiaomi', 1), ('pad', 1), ('6', 1), ('syncs', 1), ('ad', 1), ('blocker', 1), ('google', 1), ('one', 1), ('vpn', 1), ('connections', 1), ('settings', 1), ('brave', 1), ('good', 1), ('go', 1), ('wifi', 1), ('private', 1), ('adblocker', 1), ('using', 1), ('abp', 1), ('rarely', 1), ('adblock', 1)]",1,39,0.4854,0.0,-0.2924
Flopdoodledo,457,"[('samsung', 88), ('customer', 42), ('phone', 38), ('service', 31), ('like', 31), ('never', 30), ('get', 28), ('apple', 25), ('time', 24), ('would', 23), ('back', 21), ('support', 19), ('also', 18), ('return', 18), ('one', 18), ('issue', 18), ('even', 17), ('good', 17), ('really', 16), ('everything', 16), ('experience', 16), ('got', 16), ('make', 15), ('products', 14), ('refund', 14), ('know', 14), ('company', 14), ('bought', 14), ('issues', 14), ('days', 13), ('bad', 13), ('send', 13), ('sent', 13), ('much', 13), ('ever', 13), ('hope', 12), ('long', 12), ('phones', 12), ('5', 12), ('well', 12), ('stores', 12), ('buy', 12), ('anything', 12), ('3', 11), ('use', 11), ('first', 11), ('years', 11), ('said', 11), ('want', 11), ('right', 11), ('sure', 11), ('seems', 11), ('things', 11), ('device', 10), ('still', 10), ('actually', 10), ('store', 10), ('sorry', 10), ('think', 10), ('going', 10), ('always', 10), ('definitely', 10), ('ios', 10), ('see', 10), ('returns', 9), ('received', 9), ('within', 9), ('care', 9), ('brand', 9), ('could', 9), ('go', 9), ('call', 9), ('different', 9), ('android', 9), ('lol', 9), ('great', 9), ('devices', 9), ('based', 9), ('worst', 8), ('best', 8), ('done', 8), ('people', 8), ('customers', 8), ('similar', 8), ('give', 8), ('companies', 8), ('probably', 8), ('hate', 8), ('screen', 8), ('though', 8), ('ago', 8), ('case', 8), ('since', 8), ('better', 8), ('money', 8), ('charger', 8), ('4', 8), ('point', 8), ('times', 8), ('every', 8), ('deal', 8), ('take', 8), ('way', 8), ('us', 7), ('returned', 7), ('next', 7), ('bank', 7), ('love', 7), ('new', 7), ('directly', 7), ('multiple', 7), ('buying', 7), ('big', 7), ('something', 7), ('ca', 7), ('thing', 7), ('ultra', 7), ('free', 7), ('enough', 7), ('away', 7), ('many', 6), ('stories', 6), ('getting', 6), ('eu', 6), ('local', 6), ('full', 6), ('let', 6), ('saying', 6), ('everyone', 6), ('told', 6), ('etc', 6), ('2', 6), ('warranty', 6), ('literally', 6), ('end', 6), ('happened', 6), ('pixel', 6), ('file', 6), ('wanted', 6), ('help', 6), ('asked', 6), ('galaxy', 6), ('instead', 6), ('items', 6), ('trade', 6), ('keep', 6), ('15', 6), ('pay', 6), ('stuff', 6), ('pro', 6), ('pretty', 6), ('completely', 6), ('google', 6), ('thank', 6), ('might', 5), ('part', 5), ('feel', 5), ('lot', 5), ('email', 5), ('z', 5), ('flip', 5), ('condition', 5), ('months', 5), ('known', 5), ('party', 5), ('warehouse', 5), ('third', 5), ('look', 5), ('day', 5), ('called', 5), ('ordered', 5), ('shit', 5), ('purchased', 5), ('s23', 5), ('couple', 5), ('user', 5), ('contact', 5), ('two', 5), ('someone', 5), ('product', 5), ('remember', 5), ('returning', 5), ('wireless', 5), ('website', 5), ('least', 5), ('yes', 5), ('advice', 5), ('find', 5), ('system', 5), ('problems', 5), ('post', 5), ('problem', 5), ('try', 5), ('read', 5), ('iphone', 5), ('reason', 5), ('used', 5), ('tv', 5), ('person', 5), ('around', 5), ('par', 5), ('amazing', 5), ('ridiculous', 5), ('less', 5), ('linux', 5), ('ecosystem', 4), ('data', 4), ('due', 4), ('consumer', 4), ('manager', 4), ('despite', 4), ('taking', 4), ('replaced', 4), ('box', 4), ('need', 4), ('dispute', 4), ('guess', 4), ('bit', 4), ('must', 4), ('tried', 4), ('note', 4), ('bbb', 4), ('value', 4), ('made', 4), ('either', 4), ('already', 4), ('1', 4), ('maybe', 4), ('20', 4), ('evidence', 4), ('worse', 4), ('countries', 4), ('kind', 4), ('friend', 4), ('worth', 4), ('sucks', 4), ('price', 4), ('another', 4), ('last', 4), ('fixed', 4), ('wo', 4), ('makes', 4), ('anyway', 4), ('far', 4), ('decided', 4), ('glad', 4), ('battery', 4), ('switching', 4), ('6', 4), ('yeah', 4), ('words', 4), ('paid', 4), ('tech', 4), ('without', 4), ('weeks', 4), ('else', 4), ('tell', 4), ('resolved', 4), ('form', 4), ('lose', 4), ('wrong', 4), ('say', 4), ('major', 3), ('brands', 3), ('easy', 3), ('watches', 3), ('tvs', 3), ('smart', 3), ('process', 3), ('confirmation', 3), ('claimed', 3), ('perfect', 3), ('video', 3), ('carrier', 3), ('correct', 3), ('live', 3), ('proof', 3), ('waiting', 3), ('nothing', 3), ('trying', 3), ('refunds', 3), ('broken', 3), ('absolutely', 3), ('super', 3), ('calls', 3), ('refused', 3), ('replace', 3), ('policy', 3), ('states', 3), ('7', 3), ('failure', 3), ('arrived', 3), ('says', 3), ('business', 3), ('exactly', 3), ('filed', 3), ('germany', 3), ('state', 3), ('country', 3), ('law', 3), ('14', 3), ('year', 3), ('rules', 3), ('horrible', 3), ('annoying', 3), ('weird', 3), ('gets', 3), ('future', 3), ('fold', 3), ('ta', 3), ('able', 3), ('x200b', 3), ('lucky', 3), ('10', 3), ('telling', 3), ('experiences', 3), ('emails', 3), ('change', 3), ('month', 3), ('joke', 3), ('hardware', 3), ('wonder', 3), ('turn', 3), ('purchase', 3), ('cable', 3), ('watch', 3), ('buds', 3), ('believe', 3), ('using', 3), ('stupid', 3), ('little', 3), ('ask', 3), ('n', 3), ('s22', 3), ('owned', 3), ('world', 3), ('shop', 3), ('come', 3), ('especially', 3), ('australia', 3), ('worked', 3), ('asking', 3), ('sadly', 3), ('sides', 3), ('lost', 3), ('later', 3), ('course', 3), ('quality', 3), ('mention', 3), ('leave', 3), ('frustrating', 3), ('happens', 3), ('fault', 3), ('week', 3), ('uk', 3), ('mine', 3), ('agree', 3), ('luck', 3), ('hand', 3), ('switched', 3), ('fully', 3), ('unfortunately', 3), ('online', 3), ('family', 3), ('friends', 3), ('comparison', 3), ('works', 3), ('oh', 3), ('anyone', 3), ('simply', 3), ('portugal', 3), ('wait', 3), ('repairs', 3), ('nobody', 3), ('hours', 3), ('thanks', 3), ('mean', 3), ('guys', 3), ('thinking', 3), ('shame', 3), ('stolen', 3), ('deals', 3), ('seen', 3), ('fingerprint', 3), ('display', 3), ('totally', 3), ('discount', 3), ('nexus', 3), ('blame', 3), ('macos', 3), ('bestbuy', 2), ('offers', 2), ('purchasing', 2), ('consider', 2), ('picture', 2), ('work', 2), ('purchases', 2), ('representatives', 2), ('talk', 2), ('contacted', 2), ('packaging', 2), ('correctly', 2), ('promised', 2), ('official', 2), ('situation', 2), ('displayed', 2), ('chat', 2), ('receive', 2), ('top', 2), ('chats', 2), ('address', 2), ('threatening', 2), ('centers', 2), ('generic', 2), ('managers', 2), ('quickly', 2), ('hopeful', 2), ('anycase', 2), ('level', 2), ('stressful', 2), ('sound', 2), ('carriers', 2), ('saw', 2), ('defect', 2), ('stock', 2), ('replacement', 2), ('f', 2), ('excellent', 2), ('available', 2), ('ongoing', 2), ('usa', 2), ('direct', 2), ('means', 2), ('mail', 2), ('order', 2), ('24', 2), ('manufacturing', 2), ('results', 2), ('outright', 2), ('apply', 2), ('hear', 2), ('reviews', 2), ('came', 2), ('gave', 2), ('side', 2), ('complaining', 2), ('soon', 2), ('given', 2), ('put', 2), ('whenever', 2), ('reps', 2), ('job', 2), ('damage', 2), ('late', 2), ('cheaper', 2), ('pick', 2), ('aside', 2), ('refunded', 2), ('odd', 2), ('scenario', 2), ('fucking', 2), ('opened', 2), ('claiming', 2), ('item', 2), ('today', 2), ('partial', 2), ('included', 2), ('analyse', 2), ('damaged', 2), ('lying', 2), ('shipped', 2), ('ins', 2), ('poor', 2), ('past', 2), ('small', 2), ('court', 2), ('locally', 2), ('involved', 2), ('american', 2), ('hold', 2), ('pushed', 2), ('story', 2), ('afford', 2), ('shady', 2), ('screenshots', 2), ('label', 2), ('unlocked', 2), ('add', 2), ('total', 2), ('scratch', 2), ('button', 2), ('awful', 2), ('sold', 2), ('consumers', 2), ('zero', 2), ('causing', 2), ('research', 2), ('making', 2), ('preferred', 2), ('whatever', 2), ('single', 2), ('somehow', 2), ('charging', 2), ('home', 2), ('u', 2), ('receiving', 2), ('department', 2), ('card', 2), ('missing', 2), ('switch', 2), ('plus', 2), ('supporting', 2), ('living', 2), ('area', 2), ('jiffie', 2), ('app', 2), ('additional', 2), ('till', 2), ('2020', 2), ('line', 2), ('seriously', 2), ('repair', 2), ('travel', 2), ('beyond', 2), ('happen', 2), ('ombudsman', 2), ('complaints', 2), ('fact', 2), ('valid', 2), ('points', 2), ('key', 2), ('incompetence', 2), ('stress', 2), ('obviously', 2), ('learnt', 2), ('ones', 2), ('needs', 2), ('solution', 2), ('pray', 2), ('bs', 2), ('features', 2), ('retailer', 2), ('bigger', 2), ('s23u', 2), ('center', 2), ('partner', 2), ('driving', 2), ('old', 2), ('however', 2), ('entire', 2), ('base', 2), ('unless', 2), ('extra', 2), ('certain', 2), ('classic', 2), ('mind', 2), ('guy', 2), ('november', 2), ('info', 2), ('lie', 2), ('type', 2), ('resolution', 2), ('assuming', 2), ('rude', 2), ('refurbished', 2), ('visible', 2), ('europe', 2), ('basically', 2), ('ship', 2), ('yup', 2), ('100', 2), ('supposed', 2), ('set', 2), ('reached', 2), ('locations', 2), ('sale', 2), ('happening', 2), ('immediate', 2), ('deleted', 2), ('https', 2), ('xperia', 2), ('camera', 2), ('apps', 2), ('sd', 2), ('seamless', 2), ('lg', 2), ('frame', 2), ('factor', 2), ('shape', 2), ('loop', 2), ('term', 2), ('insane', 2), ('massive', 2), ('row', 2), ('handled', 2), ('delivery', 2), ('upon', 2), ('open', 2), ('sell', 2), ('network', 2), ('reach', 2), ('bullshit', 2), ('op', 2), ('five', 2), ('sad', 2), ('rather', 2), ('true', 2), ('useless', 2), ('reply', 2), ('answer', 2), ('edit', 2), ('across', 2), ('tho', 2), ('anymore', 2), ('smooth', 2), ('heard', 2), ('common', 2), ('considering', 2), ('sort', 2), ('policies', 2), ('walk', 2), ('samsungs', 2), ('ireland', 2), ('rid', 2), ('terms', 2), ('offer', 2), ('neither', 2), ('awesome', 2), ('office', 2), ('hassle', 2), ('marked', 2), ('gotten', 2), ('terrible', 2), ('hopefully', 2), ('scummy', 2), ('damn', 2), ('stick', 2), ('comment', 2), ('s9', 2), ('fe', 2), ('city', 2), ('dealt', 2), ('agreed', 2), ('thought', 2), ('fair', 2), ('counting', 2), ('distance', 2), ('close', 2), ('second', 2), ('scanner', 2), ('identical', 2), ('resources', 2), ('locked', 2), ('contacting', 2), ('ended', 2), ('soured', 2), ('nope', 2), ('certainly', 2), ('heating', 2), ('customizable', 2), ('exchanges', 2), ('attempts', 2), ('message', 2), ('excited', 2), ('hour', 2), ('wifi', 2), ('performance', 2), ('shared', 2), ('aspects', 2), ('bootloop', 2), ('bsd', 2), ('unix', 2), ('torvalds', 2), ('picking', 1), ('reading', 1), ('buyer', 1), ('strongly', 1), ('storage', 1), ('personal', 1), ('groups', 1), ('tables', 1), ('frames', 1), ('boards', 1), ('projectors', 1), ('accelerators', 1), ('removing', 1), ('life', 1), ('nature', 1), ('influence', 1), ('decisions', 1), ('hundreds', 1), ('manage', 1), ('mission', 1), ('prevent', 1), ('demeaning', 1), ('disrespectful', 1), ('30', 1), ('package', 1), ('luckily', 1), ('filmed', 1), ('indeed', 1), ('signed', 1), ('saved', 1), ('instructions', 1), ('prove', 1), ('attaching', 1), ('complaint', 1), ('stop', 1), ('sending', 1), ('responses', 1), ('forwarded', 1), ('provided', 1), ('passed', 1), ('norm', 1), ('normally', 1), ('ordinary', 1), ('promising', 1), ('automatic', 1), ('taken', 1), ('finally', 1), ('atleast', 1), ('encountered', 1), ('reputation', 1), ('remain', 1), ('sceptical', 1), ('refunding', 1), ('feeling', 1), ('3rd', 1), ('screw', 1), ('promise', 1), ('dumb', 1), ('bloke', 1), ('preserve', 1), ('rating', 1), ('equal', 1), ('passion', 1), ('talking', 1), ('robot', 1), ('misunderstands', 1), ('purpose', 1), ('confused', 1), ('feels', 1), ('alone', 1), ('spot', 1), ('defective', 1), ('drove', 1), ('a20', 1), ('cellphone', 1), ('sis', 1), ('obf', 1), ('left', 1), ('centre', 1), ('explained', 1), ('show', 1), ('g8', 1), ('oled', 1), ('ups', 1), ('tracking', 1), ('information', 1), ('contacts', 1), ('police', 1), ('report', 1), ('crime', 1), ('cc', 1), ('bottom', 1), ('barrel', 1), ('please', 1), ('corporation', 1), ('unwieldy', 1), ('adhere', 1), ('contracts', 1), ('resellable', 1), ('may', 1), ('tested', 1), ('shoes', 1), ('visibly', 1), ('worn', 1), ('limited', 1), ('liability', 1), ('defects', 1), ('issuing', 1), ('core', 1), ('legislation', 1), ('complicated', 1), ('notoriously', 1), ('according', 1), ('trains', 1), ('employees', 1), ('deny', 1), ('responsibility', 1), ('possible', 1), ('cover', 1), ('error', 1), ('cave', 1), ('matter', 1), ('beat', 1), ('greedy', 1), ('bastards', 1), ('somewhat', 1), ('dark', 1), ('lawsuit', 1), ('bureau', 1), ('helped', 1), ('agent', 1), ('president', 1), ('encounter', 1), ('rare', 1), ('wow', 1), ('impeccable', 1), ('ratings', 1), ('amazon', 1), ('questions', 1), ('knowledge', 1), ('keeping', 1), ('dual', 1), ('65w', 1), ('dreadful', 1), ('successful', 1), ('chargeback', 1), ('merchandise', 1), ('implied', 1), ('activity', 1), ('mentions', 1), ('manuals', 1), ('cables', 1), ('claim', 1), ('irrelevant', 1), ('whether', 1), ('apologized', 1), ('credit', 1), ('figure', 1), ('hell', 1), ('ultras', 1), ('release', 1), ('complain', 1), ('pike', 1), ('complete', 1), ('nightmares', 1), ('claims', 1), ('agency', 1), ('likely', 1), ('assist', 1), ('playing', 1), ('regulatory', 1), ('authority', 1), ('south', 1), ('bummer', 1), ('reflective', 1), ('headquarters', 1), ('faulty', 1), ('earpiece', 1), ('russia', 1), ('threats', 1), ('sue', 1), ('changed', 1), ('russian', 1), ('sami', 1), ('write', 1), ('concise', 1), ('cs', 1), ('tickets', 1), ('noise', 1), ('afraid', 1), ('absurdly', 1), ('moved', 1), ('paying', 1), ('mailed', 1), ('updated', 1), ('enroute', 1), ('shot', 1), ('baught', 1), ('geek', 1), ('squad', 1), ('covers', 1), ('everthing', 1), ('wih', 1), ('inner', 1), ('fix', 1), ('split', 1), ('km', 1), ('volume', 1), ('near', 1), ('cosmetic', 1), ('casing', 1), ('voids', 1), ('bill', 1), ('fuck', 1), ('ownership', 1), ('trash', 1), ('tying', 1), ('androids', 1), ('hates', 1), ('located', 1), ('decades', 1), ('suggestion', 1), ('move', 1), ('fine', 1), ('swappa', 1), ('king', 1), ('model', 1), ('repurchase', 1), ('tons', 1), ('follow', 1), ('dude', 1), ('include', 1), ('winter', 1), ('car', 1), ('plugging', 1), ('spring', 1), ('ok', 1), ('original', 1), ('regularly', 1), ('whoever', 1), ('spoke', 1), ('newbie', 1), ('kept', 1), ('including', 1), ('sim', 1), ('tool', 1), ('forward', 1), ('crapple', 1), ('cringe', 1), ('despise', 1), ('china', 1), ('fan', 1), ('regime', 1), ('decide', 1), ('goodluck', 1), ('thankfully', 1), ('23', 1), ('ir', 1), ('land', 1), ('orders', 1), ('placed', 1), ('picked', 1), ('request', 1), ('requested', 1), ('print', 1), ('shipping', 1), ('s10e', 1), ('replacing', 1), ('green', 1), ('2024', 1), ('honor', 1), ('magic', 1), ('deciding', 1), ('charge', 1), ('sydney', 1), ('cbd', 1), ('authorised', 1), ('repairers', 1), ('filled', 1), ('star', 1), ('30km', 1), ('imagine', 1), ('declined', 1), ('enforce', 1), ('fos', 1), ('financial', 1), ('compensation', 1), ('entirely', 1), ('stand', 1), ('refuse', 1), ('grievance', 1), ('inconvenient', 1), ('struggle', 1), ('loosing', 1), ('sleep', 1), ('unnecessary', 1), ('karen', 1), ('procedure', 1), ('checklist', 1), ('upheld', 1), ('rendering', 1), ('fabulous', 1), ('introductuon', 1), ('somewhere', 1), ('charm', 1), ('ahem', 1), ('ee', 1), ('panthetic', 1), ('stay', 1), ('battles', 1), ('mistreated', 1), ('investigate', 1), ('loose', 1), ('2019', 1), ('4k', 1), ('75in', 1), ('color', 1), ('3yrs', 1), ('extended', 1), ('expired', 1), ('beautiful', 1), ('bright', 1), ('qled', 1), ('folks', 1), ('holiday', 1), ('hp', 1), ('software', 1), ('geared', 1), ('towards', 1), ('laggy', 1), ('unintuitive', 1), ('lacking', 1), ('basic', 1), ('trust', 1), ('international', 1), ('place', 1), ('regret', 1), ('advertised', 1), ('approximately', 1), ('45', 1), ('mins', 1), ('fell', 1), ('required', 1), ('transfer', 1), ('content', 1), ('decision', 1), ('feasible', 1), ('stealing', 1), ('caused', 1), ('loss', 1), ('revenue', 1), ('massively', 1), ('inconvenience', 1), ('screwed', 1), ('laying', 1), ('funds', 1), ('period', 1), ('amount', 1), ('discounts', 1), ('together', 1), ('basket', 1), ('reduce', 1), ('reflect', 1), ('longer', 1), ('strap', 1), ('buds2', 1), ('rugged', 1), ('convoluted', 1), ('nightmare', 1), ('jump', 1), ('tutor', 1), ('looks', 1), ('normal', 1), ('behave', 1), ('poorly', 1), ('boggling', 1), ('ugggh', 1), ('uneven', 1), ('wtf', 1), ('main', 1), ('disconnecting', 1), ('df', 1), ('cant', 1), ('supposedly', 1), ('awakening', 1), ('knox', 1), ('accept', 1), ('requests', 1), ('spending', 1), ('jumped', 1), ('thats', 1), ('bell', 1), ('shall', 1), ('check', 1), ('everytningnis', 1), ('yet', 1), ('recieve', 1), ('planned', 1), ('insurance', 1), ('buddy', 1), ('ill', 1), ('physically', 1), ('carw', 1), ('grrrr', 1), ('eh', 1), ('funny', 1), ('ssd', 1), ('working', 1), ('machine', 1), ('notably', 1), ('knew', 1), ('test', 1), ('general', 1), ('flaw', 1), ('setup', 1), ('determined', 1), ('incompatibility', 1), ('older', 1), ('usb', 1), ('controller', 1), ('physical', 1), ('hire', 1), ('lord', 1), ('rep', 1), ('connected', 1), ('swindle', 1), ('retailers', 1), ('trick', 1), ('hunt', 1), ('vanish', 1), ('friendly', 1), ('library', 1), ('panicky', 1), ('pen', 1), ('slave', 1), ('engine', 1), ('mass', 1), ('anonymized', 1), ('redact', 1), ('sony', 1), ('audio', 1), ('looked', 1), ('combination', 1), ('suite', 1), ('optimizations', 1), ('converted', 1), ('slot', 1), ('transitioning', 1), ('build', 1), ('construction', 1), ('astounding', 1), ('v60', 1), ('felt', 1), ('janky', 1), ('fragile', 1), ('plastic', 1), ('metal', 1), ('screens', 1), ('smaller', 1), ('japanese', 1), ('chocolate', 1), ('bar', 1), ('paws', 1), ('depend', 1), ('accessory', 1), ('popsocket', 1), ('dealbreaker', 1), ('primarily', 1), ('consumption', 1), ('cents', 1), ('speak', 1), ('reasons', 1), ('worried', 1), ('squeeze', 1), ('czech', 1), ('alza', 1), ('handle', 1), ('horrendous', 1), ('upset', 1), ('threatened', 1), ('escalate', 1), ('client', 1), ('meeting', 1), ('resolve', 1), ('span', 1), ('minutes', 1), ('exact', 1), ('gosh', 1), ('lengths', 1), ('record', 1), ('collect', 1), ('similarly', 1), ('arrival', 1), ('wondered', 1), ('straight', 1), ('break', 1), ('seconded', 1), ('passing', 1), ('buck', 1), ('metrics', 1), ('incredibly', 1), ('contract', 1), ('punished', 1), ('actual', 1), ('sales', 1), ('behavior', 1), ('manufacturer', 1), ('cuts', 1), ('fill', 1), ('minute', 1), ('apologizing', 1), ('ticket', 1), ('bricked', 1), ('cost', 1), ('otherwise', 1), ('insults', 1), ('hang', 1), ('outsourced', 1), ('high', 1), ('ranking', 1), ('touch', 1), ('bother', 1), ('effort', 1), ('fight', 1), ('horror', 1), ('lesson', 1), ('article', 1), ('random', 1), ('promotion', 1), ('gained', 1), ('block', 1), ('cards', 1), ('apparently', 1), ('qualified', 1), ('legally', 1), ('account', 1), ('investigating', 1), ('forced', 1), ('giving', 1), ('emailed', 1), ('response', 1), ('photo', 1), ('wording', 1), ('coming', 1), ('wish', 1), ('explicitly', 1), ('vague', 1), ('contradictory', 1), ('begin', 1), ('sailing', 1), ('preference', 1), ('commenters', 1), ('disappointed', 1), ('opinion', 1), ('remains', 1), ('august', 1), ('16th', 1), ('initiated', 1), ('21st', 1), ('transportation', 1), ('29th', 1), ('denominator', 1), ('appears', 1), ('definition', 1), ('protection', 1), ('laws', 1), ('automatically', 1), ('defend', 1), ('bash', 1), ('copying', 1), ('except', 1), ('afaik', 1), ('illegal', 1), ('ppl', 1), ('allowed', 1), ('pharma', 1), ('grab', 1), ('bells', 1), ('object', 1), ('delay', 1), ('missed', 1), ('obvious', 1), ('purely', 1), ('theory', 1), ('tendency', 1), ('tolerant', 1), ('throw', 1), ('express', 1), ('disdain', 1), ('harshly', 1), ('outwardly', 1), ('essentially', 1), ('forcing', 1), ('anecdotal', 1), ('repaired', 1), ('temporary', 1), ('stared', 1), ('match', 1), ('hard', 1), ('question', 1), ('electronics', 1), ('parties', 1), ('controls', 1), ('aspect', 1), ('refrained', 1), ('interesting', 1), ('earlier', 1), ('launch', 1), ('region', 1), ('mobile', 1), ('pickup', 1), ('section', 1), ('paypal', 1), ('delivered', 1), ('blocked', 1), ('reported', 1), ('undelivered', 1), ('countless', 1), ('dragging', 1), ('heels', 1), ('date', 1), ('middle', 1), ('december', 1), ('6th', 1), ('january', 1), ('position', 1), ('argos', 1), ('amounts', 1), ('expensive', 1), ('paperweight', 1), ('alot', 1), ('sounds', 1), ('scam', 1), ('ads', 1), ('ssung', 1), ('gget', 1), ('nft', 1), ('everyday', 1), ('reconsider', 1), ('shittiest', 1), ('offering', 1), ('responding', 1), ('shill', 1), ('labor', 1), ('owning', 1), ('various', 1), ('incidents', 1), ('ahahahahah', 1), ('frying', 1), ('pan', 1), ('charcoal', 1), ('becoming', 1), ('hideous', 1), ('example', 1), ('anticonsumer', 1), ('invented', 1), ('20ish', 1), ('started', 1), ('falling', 1), ('s8b', 1), ('reffernce', 1), ('noticed', 1), ('denying', 1), ('standard', 1), ('refer', 1), ('wizard', 1), ('oz', 1), ('refusing', 1), ('providing', 1), ('hence', 1), ('documenting', 1), ('sometimes', 1), ('tablets', 1), ('cameras', 1), ('avoid', 1), ('photography', 1), ('books', 1), ('okay', 1), ('flagships', 1), ('zoom', 1), ('document', 1), ('preferably', 1), ('pixels', 1), ('steal', 1), ('extremely', 1), ('usually', 1), ('knows', 1), ('goes', 1), ('transit', 1), ('questionable', 1), ('stated', 1), ('majority', 1), ('regions', 1), ('imei', 1), ('blacklists', 1), ('supported', 1), ('agreement', 1), ('charged', 1), ('hands', 1), ('ass', 1), ('noes', 1), ('legal', 1), ('blah', 1), ('reddit', 1), ('voting', 1), ('sprint', 1), ('dish', 1), ('success', 1), ('rate', 1), ('oof', 1), ('shorter', 1), ('backifires', 1), ('inexplicably', 1), ('window', 1), ('yea', 1), ('deduct', 1), ('tab', 1), ('s24', 1), ('boring', 1), ('hesitant', 1), ('sorted', 1), ('numerous', 1), ('lovely', 1), ('utterly', 1), ('ruined', 1), ('real', 1), ('sentence', 1), ('contracted', 1), ('drivable', 1), ('exist', 1), ('mentioned', 1), ('wishful', 1), ('coupled', 1), ('assume', 1), ('competitor', 1), ('provide', 1), ('assumed', 1), ('larger', 1), ('pull', 1), ('aware', 1), ('windows', 1), ('others', 1), ('encountering', 1), ('possibly', 1), ('dealing', 1), ('sympathise', 1), ('frustration', 1), ('baffling', 1), ('frequently', 1), ('cares', 1), ('solve', 1), ('reputable', 1), ('invest', 1), ('rarely', 1), ('alas', 1), ('borrowed', 1), ('mistakenly', 1), ('payment', 1), ('confirmed', 1), ('elevated', 1), ('supervisor', 1), ('inspect', 1), ('unlocking', 1), ('eventually', 1), ('remotely', 1), ('lock', 1), ('warning', 1), ('mistake', 1), ('discourage', 1), ('unhappy', 1), ('reconsidering', 1), ('sounded', 1), ('posting', 1), ('misinformation', 1), ('incapable', 1), ('went', 1), ('prepared', 1), ('casually', 1), ('fucks', 1), ('huge', 1), ('mythical', 1), ('audacity', 1), ('fingers', 1), ('crossed', 1), ('haha', 1), ('disappointing', 1), ('simple', 1), ('visual', 1), ('boat', 1), ('exciting', 1), ('ordering', 1), ('perspective', 1), ('enjoy', 1), ('fullest', 1), ('authorities', 1), ('precise', 1), ('italy', 1), ('idk', 1), ('loopholes', 1), ('cking', 1), ('departments', 1), ('endless', 1), ('loops', 1), ('looking', 1), ('appear', 1), ('authorized', 1), ('5th', 1), ('biggest', 1), ('soooo', 1), ('ubiquitous', 1), ('woah', 1), ('cities', 1), ('copy', 1), ('ideas', 1), ('derivative', 1), ('anywhere', 1), ('boot', 1), ('buttons', 1), ('4a', 1), ('power', 1), ('911', 1), ('port', 1), ('notorious', 1), ('qa', 1), ('l8p', 1), ('matters', 1), ('handles', 1), ('advise', 1), ('intervene', 1), ('several', 1), ('arrange', 1), ('collections', 1), ('kafkaesque', 1), ('run', 1), ('traded', 1), ('text', 1), ('processed', 1), ('applies', 1), ('weight', 1), ('lifted', 1), ('market', 1), ('suck', 1), ('pictures', 1), ('ton', 1), ('unlucky', 1), ('miss', 1), ('1993', 1), ('quick', 1), ('af', 1), ('cared', 1), ('harder', 1), ('troubleshooting', 1), ('washers', 1), ('dryers', 1), ('answered', 1), ('god', 1), ('speaks', 1), ('english', 1), ('flipping', 1), ('ipad', 1), ('game', 1), ('door', 1), ('sorts', 1), ('sharing', 1), ('tablet', 1), ('competitive', 1), ('honestly', 1), ('multitasking', 1), ('stage', 1), ('sizing', 1), ('moving', 1), ('buttery', 1), ('ui', 1), ('scroll', 1), ('play', 1), ('cuz', 1), ('loses', 1), ('focus', 1), ('pause', 1), ('anyways', 1), ('babbling', 1), ('services', 1), ('macbook', 1), ('interface', 1), ('instore', 1), ('sat', 1), ('diminish', 1), ('friendliness', 1), ('wanting', 1), ('cause', 1), ('difference', 1), ('opinions', 1), ('hahha', 1), ('700', 1), ('logix', 1), ('board', 1), ('dirty', 1), ('pin', 1), ('hit', 1), ('weaker', 1), ('oneplus', 1), ('snapdragon', 1), ('gen', 1), ('subpar', 1), ('soc', 1), ('choose', 1), ('bloatware', 1), ('lots', 1), ('adds', 1), ('unsatisfying', 1), ('canada', 1), ('overestimated', 1), ('shops', 1), ('disagree', 1), ('melbourne', 1), ('fledged', 1), ('design', 1), ('concept', 1), ('albeit', 1), ('minor', 1), ('differences', 1), ('root', 1), ('moto', 1), ('g7', 1), ('til', 1), ('became', 1), ('spicy', 1), ('potato', 1), ('iphones', 1), ('lack', 1), ('scammed', 1), ('ensure', 1), ('upgraded', 1), ('se', 1), ('weak', 1), ('three', 1), ('house', 1), ('5x', 1), ('favorite', 1), ('succumbed', 1), ('rip', 1), ('often', 1), ('treatment', 1), ('nextstep', 1), ('mach', 1), ('clone', 1), ('forked', 1), ('freebsd', 1), ('evolved', 1), ('os', 1), ('kernel', 1), ('utilities', 1), ('hodgepodge', 1), ('hood', 1), ('predate', 1), ('created', 1), ('linus', 1), ('suing', 1), ('everybody', 1), ('versions', 1), ('related', 1), ('slightest', 1), ('forgot', 1), ('died', 1), ('needed', 1), ('happy', 1), ('currently', 1), ('s23ultra', 1), ('truly', 1), ('2nd', 1), ('g3', 1), ('infinite', 1), ('educating', 1), ('understand', 1), ('complexly', 1), ('breaking', 1), ('crazy', 1), ('details', 1), ('code', 1), ('distinction', 1), ('shares', 1), ('written', 1), ('interoperable', 1), ('posix', 1), ('applications', 1), ('fundamentally', 1), ('operating', 1), ('sued', 1), ('bsds', 1), ('comparision', 1), ('fails', 1), ('astound', 1), ('lmao', 1)]",270,457,0.5923581395348837,0.001409375,-0.5252310344827588
ZaharaVinson,575,"[('c', 2), ('cable', 2), ('charge', 2), ('iphone', 1), ('also', 1), ('transfered', 1), ('s21', 1), ('plus', 1), ('lightning', 1), ('triggered', 1), ('charging', 1), ('tested', 1), ('wireless', 1), ('earbuds', 1), ('worked', 1), ('s22', 1), ('ultra', 1), ('a53', 1), ('even', 1), ('ipad', 1), ('yes', 1), ('depends', 1), ('side', 1), ('device', 1), ('u', 1), ('might', 1), ('need', 1), ('set', 1)]",0,575,0.4019,0.0,0
ManInBlack6942,781,"[('see', 2), ('one', 2), ('phone', 2), ('photos', 2), ('photo', 2), ('check', 2), ('even', 2), ('without', 2), ('drive', 1), ('checked', 1), ('accidentally', 1), ('signed', 1), ('could', 1), ('possibly', 1), ('turned', 1), ('backup', 1), ('automatically', 1), ('always', 1), ('microsoft', 1), ('account', 1), ('computer', 1), ('devices', 1), ('logged', 1), ('remotely', 1), ('log', 1), ('case', 1), ('solve', 1), ('syncing', 1), ('problem', 1), ('able', 1), ('delete', 1), ('affecting', 1), ('suggestion', 1), ('say', 1), ('friend', 1), ('pin', 1), ('mine', 1), ('done', 1), ('anything', 1), ('help', 1), ('wifi', 1), ('tech', 1), ('things', 1), ('next', 1), ('time', 1), ('laptop', 1), ('great', 1), ('however', 1), ('1', 1), ('locked', 1), ('face', 1), ('recognition', 1), ('2', 1), ('never', 1), ('held', 1), ('hand', 1), ('showing', 1), ('needed', 1), ('getting', 1), ('savvy', 1), ('whereas', 1), ('set', 1), ('business', 1), ('picked', 1), ('mistakenly', 1), ('thinking', 1), ('vice', 1), ('versa', 1), ('soon', 1), ('lock', 1), ('screen', 1), ('know', 1), ('wrong', 1), ('suppose', 1), ('stranger', 1), ('happened', 1), ('world', 1), ('absolutely', 1), ('heed', 1), ('though', 1), ('optimistic', 1), ('try', 1), ('ai', 1), ('antics', 1), ('like', 1), ('fb', 1), ('figure', 1), ('proximity', 1), ('suggesting', 1), ('share', 1), ('confess', 1), ('dismissed', 1), ('android', 1), ('toast', 1), ('notification', 1), ('reading', 1), ('edit', 1), ('fixed', 1), ('typos', 1), ('clarified', 1), ('point', 1)]",0,781,0.8911,0.0,-0.5106
Monster_GIR-L,239,"[('reading', 3), ('would', 3), ('get', 2), ('s7', 2), ('overkill', 2), ('tablet', 2), ('want', 1), ('device', 1), ('better', 1), ('kindle', 1), ('dude', 1), ('120hz', 1), ('refresh', 1), ('rate', 1), ('yea', 1), ('use', 1), ('cheaper', 1), ('good', 1), ('go', 1), ('kobo', 1), ('weight', 1), ('vote', 1), ('course', 1), ('bigger', 1), ('form', 1), ('factor', 1), ('incredibly', 1), ('bad', 1), ('books', 1), ('tab', 1), ('libra', 1), ('tall', 1), ('positioned', 1), ('vertically', 1), ('also', 1), ('add', 1), ('love', 1), ('comfort', 1), ('laying', 1), ('side', 1), ('holding', 1), ('reader', 1), ('one', 1), ('hand', 1), ('impossible', 1), ('else', 1), ('know', 1), ('someone', 1), ('got', 1), ('options', 1)]",1,239,0.6357333333333334,0.0,0
DogePancakes,289,"[('change', 2), ('phone', 2), ('settings', 1), ('updated', 1), ('system', 1), ('try', 1), ('getting', 1), ('connection', 1), ('reinstate', 1), ('new', 1), ('years', 1), ('fine', 1), ('yet', 1), ('issue', 1), ('two', 1), ('ago', 1), ('one', 1), ('day', 1), ('read', 1), ('wifi', 1), ('next', 1), ('showed', 1), ('assumed', 1), ('upgraded', 1), ('note', 1), ('20', 1), ('ultra', 1), ('back', 1), ('nope', 1), ('worse', 1), ('s23u', 1), ('hoping', 1), ('support', 1), ('well', 1), ('imagine', 1), ('disappointment', 1), ('sister', 1), ('iphone', 1), ('8', 1), ('almost', 1), ('6', 1), ('old', 1), ('connects', 1), ('recall', 1), ('ever', 1), ('things', 1), ('would', 1), ('done', 1), ('automatically', 1)]",5,289,0.8855,0.0,0
Mumu2005Mumu,180,"[('note', 6), ('7', 6), ('look', 4), ('us', 3), ('fe', 3), ('though', 3), ('yeah', 3), ('aliexpress', 2), ('ebay', 2), ('samsung', 2), ('get', 2), ('could', 2), ('cool', 2), ('thanks', 2), ('thank', 2), ('see', 2), ('ship', 2), ('countries', 2), ('know', 2), ('galaxy', 1), ('without', 1), ('explosion', 1), ('copies', 1), ('edit', 1), ('likely', 1), ('pen', 1), ('fit', 1), ('mean', 1), ('repackaged', 1), ('exploding', 1), ('try', 1), ('searching', 1), ('hopes', 1), ('high', 1), ('damm', 1), ('wish', 1), ('one', 1), ('phone', 1), ('find', 1), ('pens', 1), ('either', 1), ('unfortunately', 1), ('except', 1), ('renamed', 1), ('safer', 1), ('smaller', 1), ('3200mah', 1), ('battery', 1), ('compared', 1), ('3500mah', 1), ('think', 1), ('around', 1), ('especially', 1), ('country', 1), ('replacement', 1), ('parts', 1), ('originally', 1), ('sold', 1), ('even', 1), ('ones', 1), ('located', 1), ('got', 1), ('quite', 1), ('recently', 1), ('26', 1), ('seller', 1), ('clearly', 1), ('much', 1), ('actually', 1), ('worth', 1), ('https', 1), ('oh', 1), ('welcome', 1)]",3,180,0.5413,0.0,-0.2256
TheoneandonlyFlSH,146,"[('hope', 3), ('day', 2), ('get', 2), ('back', 2), ('tablet', 2), ('old', 2), ('used', 2), ('press', 2), ('hold', 2), ('power', 2), ('two', 2), ('works', 2), ('worked', 2), ('may', 1), ('battery', 1), ('need', 1), ('leave', 1), ('charger', 1), ('recover', 1), ('1', 1), ('hour', 1), ('enough', 1), ('rather', 1), ('gonski', 1), ('visit', 1), ('service', 1), ('centre', 1), ('changed', 1), ('also', 1), ('seen', 1), ('others', 1), ('use', 1), ('technology', 1), ('support', 1), ('take', 1), ('please', 1), ('last', 1), ('getting', 1), ('photos', 1), ('years', 1), ('still', 1), ('something', 1), ('similar', 1), ('happen', 1), ('managed', 1), ('work', 1), ('somehow', 1), ('iirc', 1), ('plugged', 1), ('showing', 1), ('symbol', 1), ('described', 1), ('forced', 1), ('hardware', 1), ('reboot', 1), ('volume', 1), ('7', 1), ('seconds', 1), ('case', 1), ('recovered', 1), ('data', 1), ('using', 1), ('past', 1), ('issue', 1), ('well', 1), ('alright', 1), ('thanks', 1), ('thank', 1), ('much', 1), ('looking', 1), ('many', 1), ('things', 1), ('turn', 1), ('curious', 1), ('sure', 1), ('exactly', 1), ('might', 1), ('alternate', 1), ('way', 1), ('force', 1), ('button', 1), ('minutes', 1), ('wait', 1), ('minute', 1), ('source', 1), ('https', 1), ('glad', 1), ('cheers', 1)]",1,146,0.54756,-0.0258,-0.126
United_Falcon7287,667,"[('s20', 5), ('go', 4), ('good', 4), ('s21', 4), ('better', 4), ('used', 3), ('battery', 3), ('phone', 3), ('got', 3), ('https', 2), ('fine', 2), ('120hz', 2), ('fast', 2), ('12', 2), ('ram', 2), ('25', 2), ('watt', 2), ('charging', 2), ('always', 2), ('get', 2), ('200', 2), ('5g', 2), ('best', 2), ('brought', 2), ('10', 2), ('even', 2), ('samsung', 2), ('galaxy', 2), ('save', 2), ('would', 2), ('free', 2), ('model', 2), ('ebay', 2), ('like', 2), ('little', 2), ('want', 2), ('one', 2), ('newer', 2), ('night', 2), ('time', 2), ('sky', 2), ('bit', 2), ('picky', 2), ('sometimes', 2), ('part', 2), ('dynamic', 2), ('range', 2), ('mate', 2), ('50', 2), ('pro', 2), ('screens', 1), ('efficient', 1), ('snapdragon', 1), ('865', 1), ('processors', 1), ('made', 1), ('tmsc', 1), ('means', 1), ('something', 1), ('gb', 1), ('expandable', 1), ('storage', 1), ('replaced', 1), ('either', 1), ('available', 1), ('around', 1), ('give', 1), ('take', 1), ('based', 1), ('condition', 1), ('maybe', 1), ('s20fe', 1), ('still', 1), ('60hz', 1), ('life', 1), ('hold', 1), ('pretty', 1), ('Ã ', 1), ('4yrs', 1), ('bixby', 1), ('routines', 1), ('tiktok', 1), ('youtube', 1), ('1440p', 1), ('5h', 1), ('sot', 1), ('camera', 1), ('game', 1), ('smooth', 1), ('bet', 1), ('granny', 1), ('a51', 1), ('mid', 1), ('2020', 1), ('died', 1), ('windows', 1), ('11', 1), ('release', 1), ('date', 1), ('models', 1), ('need', 1), ('run', 1), ('atleast', 1), ('android', 1), ('s9', 1), ('basic', 1), ('stuff', 1), ('f14', 1), ('choice', 1), ('thought', 1), ('warranty', 1), ('food', 1), ('buy', 1), ('refurbished', 1), ('lots', 1), ('times', 1), ('brand', 1), ('new', 1), ('seller', 1), ('certified', 1), ('squaretrade', 1), ('1', 1), ('year', 1), ('mechanical', 1), ('defects', 1), ('grandma', 1), ('flawless', 1), ('213', 1), ('couple', 1), ('months', 1), ('loves', 1), ('mention', 1), ('a34', 1), ('country', 1), ('ffs', 1), ('many', 1), ('use', 1), ('dollars', 1), ('could', 1), ('s23fe', 1), ('contract', 1), ('carriers', 1), ('prices', 1), ('mind', 1), ('damage', 1), ('example', 1), ('stratches', 1), ('cracks', 1), ('annoyed', 1), ('reading', 1), ('realizing', 1), ('4', 1), ('yr', 1), ('old', 1), ('device', 1), ('12gb', 1), ('s23u', 1), ('8', 1), ('assumed', 1), ('stupid', 1), ('right', 1), ('charger', 1), ('type', 1), ('c', 1), ('cable', 1), ('side', 1), ('note', 1), ('money', 1), ('space', 1), ('30', 1), ('found', 1), ('pair', 1), ('60', 1), ('braided', 1), ('less', 1), ('setup', 1), ('buying', 1), ('20', 1), ('anywhere', 1), ('terrible', 1), ('idea', 1), ('america', 1), ('yeah', 1), ('goog', 1), ('slightly', 1), ('random', 1), ('ultra', 1), ('bought', 1), ('waiting', 1), ('delivered', 1), ('whoa', 1), ('chill', 1), ('thats', 1), ('cheap', 1), ('asking', 1), ('beat', 1), ('nobody', 1), ('logically', 1), ('expect', 1), ('regression', 1), ('specifications', 1), ('devices', 1), ('noisy', 1), ('videos', 1), ('sold', 1), ('great', 1), ('overall', 1), ('flaw', 1), ('mattered', 1), ('quality', 1), ('photos', 1), ('okay', 1), ('unusually', 1), ('shoot', 1), ('bright', 1), ('scene', 1), ('dark', 1), ('photo', 1), ('unusable', 1), ('daytime', 1), ('lighting', 1), ('becomes', 1), ('slightest', 1), ('challenging', 1), ('full', 1), ('noise', 1), ('iphone', 1), ('7', 1), ('takes', 1), ('s21u', 1), ('zoom', 1), ('awesome', 1), ('though', 1), ('along', 1), ('screen', 1), ('edit', 1), ('pictures', 1), ('things', 1), ('listed', 1), ('probably', 1), ('wont', 1), ('issue', 1), ('enjoy', 1), ('beast', 1), ('oh', 1), ('noice', 1), ('fairly', 1), ('easy', 1), ('please', 1), ('colours', 1), ('accurate', 1), ('colors', 1), ('fantastic', 1), ('say', 1), ('last', 1), ('surprising', 1), ('considering', 1), ('huawei', 1), ('famed', 1), ('processing', 1), ('lot', 1), ('messes', 1), ('giving', 1), ('lens', 1), ('flare', 1), ('looking', 1), ('bad', 1), ('light', 1), ('sources', 1)]",13,667,0.65055,0.0,-0.69615
Mr_Swag_Official,761,"[('old', 2), ('wo', 2), ('apps', 2), ('volte', 1), ('provisioned', 1), ('us', 1), ('network', 1), ('besides', 1), ('want', 1), ('use', 1), ('phone', 1), ('recived', 1), ('last', 1), ('security', 1), ('update', 1), ('nearly', 1), ('decade', 1), ('ago', 1), ('10', 1), ('year', 1), ('hardware', 1), ('going', 1), ('laggy', 1), ('nightmare', 1), ('modern', 1), ('versions', 1), ('5g', 1), ('probably', 1), ('work', 1), ('purpose', 1), ('getting', 1), ('something', 1), ('networks', 1), ('well', 1), ('cpu', 1), ('slow', 1), ('os', 1), ('google', 1), ('support', 1), ('ok', 1), ('thx', 1)]",1,761,0.39744999999999997,-0.00285,0
NomusaMagic,1040,"[('new', 1), ('create', 1), ('account', 1), ('email', 1), ('like', 1), ('3', 1), ('case', 1), ('want', 1), ('fuck', 1), ('login', 1), ('feel', 1), ('stupid', 1), ('done', 1), ('week', 1), ('ago', 1), ('vs', 1), ('gon', 1), ('na', 1), ('plenty', 1), ('emails', 1), ('win', 1), ('prize', 1), ('today', 1), ('free', 1), ('clock', 1), ('early', 1), ('thank', 1)]",0,1040,0.4769,0.0,0
nevinsz,68,"[('try', 2), ('set', 1), ('apps', 1), ('email', 1), ('volume', 1), ('notification', 1), ('period', 1), ('note', 1), ('phone', 1), ('android', 1), ('think', 1), ('would', 1), ('notifications', 1), ('get', 1), ('know', 1), ('saw', 1), ('asking', 1), ('galaxy', 1), ('hope', 1), ('samsung', 1), ('ultra', 1), ('10', 1), ('least', 1), ('running', 1), ('one', 1), ('newer', 1), ('versions', 1), ('13', 1), ('14', 1), ('else', 1), ('solution', 1), ('might', 1), ('work', 1), ('dont', 1), ('higher', 1), ('specific', 1), ('mode', 1), ('8pm', 1), ('8am', 1), ('ask', 1), ('read', 1), ('aloud', 1), ('app', 1), ('alternative', 1), ('increase', 1), ('like', 1), ('usually', 1), ('keep', 1), ('80', 1), ('make', 1), ('100', 1), ('another', 1), ('workaround', 1), ('right', 1), ('along', 1), ('automation', 1), ('last', 1), ('point', 1), ('block', 1), ('separate', 1), ('tone', 1), ('play', 1), ('around', 1), ('bit', 1), ('tonight', 1), ('update', 1), ('find', 1), ('setting', 1), ('anyone', 1), ('please', 1), ('correct', 1), ('let', 1), ('wrong', 1), ('way', 1), ('thank', 1)]",4,68,0.4199,0.0,-0.1655
